Domain,Mean MRR,Std,Range,N Docs
cloud_api,0.7459607856099292,0.01118039477100318,0.02056374401612482,3
corporate_finance,0.581324287984354,0.04899678486127225,0.08607040704070412,3
engineering_spec,0.6375760734803638,0.054517388142139224,0.10802294515165811,3
hardware_manual,0.6818099847905619,0.07678372512200626,0.1491022408963586,3
legal_regulatory,0.6832251705770224,0.02293239256257956,0.04187277537277545,3
medical_guideline,0.6413604362379871,0.024521593404803657,0.048937209804556625,3
software_manual,0.726230737712219,0.04482735929196033,0.08951472395916826,3
technical_standard,0.6552905001132515,0.06378237707908002,0.12696169938233448,3
