strategy,ROUGE-1,ROUGE-2,ROUGE-L
fixed_size,0.576423683242643,0.49811592790720066,0.536835782959915
fixed_overlap,0.5955375168228026,0.5227630154232428,0.5580533837311888
sentence_based,0.5849218463515937,0.5094898180855586,0.5469534931530191
recursive,0.6035567188816464,0.5338442835922823,0.5683939432407505
semantic,0.5929833155162314,0.5208379106877037,0.5571235808597896
structure_aware,0.6180849866142674,0.5559458410193233,0.5865366187531937
hybrid,0.6182162684086928,0.5561110437268317,0.5866859874564203
