Metric,Strategy,Model,Chunk Size,Domain,Strat × Dom,Residual,R²
Hit@1,0.1386495416788921,0.352335104616439,0.04182852128736587,0.31525002768084925,0.07868684320917556,0.5,0.5641609228237384
Hit@3,0.10176515477493743,0.35483704237461805,0.06613639946921226,0.3779009179634531,0.055462997917874374,0.5,0.5833839410215874
Hit@5,0.08779014442245721,0.3295949891476187,0.05879770095510519,0.39667285937224844,0.06518934269172104,0.5,0.57940008801391
MRR,0.13237704109653362,0.3750735377266802,0.05722187406651864,0.37196334616301835,0.07265018412535894,0.5,0.5974337362777775
NDCG@5,0.12500785166696238,0.3742822372686902,0.060200402074158096,0.3875116818448309,0.07114725420796585,0.5,0.6022860258064248
Ctx Prec,0.26591353876493296,0.21246855595461603,0.20758416786225856,0.5709438847480254,0.09585849941063322,0.5,0.6997637714921895
