strategy,Hit@1,Hit@3,Hit@5,MRR,NDCG@5,Ctx Prec
fixed_size,0.5447635811866329,0.7395392057176218,0.8091153057293425,0.647692104401753,0.6881784673558564,0.23309963630114622
fixed_overlap,0.5772581108795808,0.7747557170029687,0.8370753235357781,0.679833564104127,0.7193554934100078,0.2662065198228875
sentence_based,0.5480766276897315,0.7423998385572473,0.8074533269929316,0.6491753783233449,0.6888887685863989,0.22986547573809274
recursive,0.5793868223826786,0.770438918504274,0.8331017503185946,0.6791750069852747,0.717841293699876,0.24457769685416614
semantic,0.5287559734881823,0.7238193688880634,0.7895827546401315,0.6303737616932197,0.6703186175592516,0.2040520763555286
structure_aware,0.6056471117047059,0.7842068202155247,0.8403221838854494,0.6987067263709209,0.7343193129523903,0.22209314130466248
hybrid,0.6054633016570343,0.7844849266425196,0.8406481756683013,0.6987241875638378,0.7344146276611825,0.22214960451098825
