strategy,cloud_api,corporate_finance,engineering_spec,hardware_manual,legal_regulatory,medical_guideline,software_manual,technical_standard
fixed_size,0.8319580211989454,0.6451228456178951,0.7038760542720939,0.7423258108274757,0.7512308267863823,0.6865684051398337,0.7955555555555556,0.759676126342793
fixed_overlap,0.8535542284387169,0.6755482214888155,0.7433186651998533,0.784562831421877,0.7715301159745604,0.736281179138322,0.8387542087542087,0.7944962856073968
sentence_based,0.8231454415282798,0.6516354968830216,0.6953905390539055,0.7640287198037846,0.7566105499438833,0.7149584278155707,0.8073550317994763,0.7260745016300573
recursive,0.8495183962840729,0.6744554455445545,0.7238283828382839,0.7866310409558652,0.7899476243920688,0.7308994708994709,0.8249120838009726,0.7833189033189034
semantic,0.795375521679152,0.6707590759075908,0.6909057572423909,0.7046212027788054,0.7698316498316499,0.6591232048374905,0.7910138421249533,0.7089246967024745
structure_aware,0.8701388234061502,0.6744554455445545,0.7373303997066373,0.82146038009893,0.7822783389450056,0.7931368102796674,0.835809951365507,0.7590444123777458
hybrid,0.8701388234061502,0.6762889622295563,0.7373303997066373,0.8211109740891466,0.7830190796857464,0.7931368102796674,0.835809951365507,0.7590444123777458
