strategy,BAAI/bge-large-en-v1.5,nomic-ai/nomic-embed-text-v1.5,sentence-transformers/all-MiniLM-L6-v2
fixed_size,0.6840291556452885,0.6730391769520767,0.5860079806078935
fixed_overlap,0.7195970649997441,0.6968714908780375,0.6230321364345995
sentence_based,0.6964266215933335,0.6696280378479061,0.5814714755287953
recursive,0.7208412611968379,0.6998749796594479,0.6168087800995381
semantic,0.6904937778863985,0.6481948785651824,0.5524326286280781
structure_aware,0.7505204931161839,0.7221666525948042,0.6234330334017747
hybrid,0.7501452717103955,0.7224580191528437,0.6235692718282743
