strategy,fixed_overlap,fixed_size,hybrid,recursive,semantic,sentence_based,structure_aware
fixed_overlap,1.0,5.454525719983394e-13,7.793274412715157e-05,0.9996803790064683,3.885780586188048e-14,1.9110854010406797e-09,9.630990089370961e-05
fixed_size,5.454525719983394e-13,1.0,0.0,1.123745541065091e-11,0.9998895584096672,0.9171322993987573,0.0
hybrid,7.793274412715157e-05,0.0,1.0,1.0580994480147154e-05,0.0,0.0,0.9999999993343378
recursive,0.9996803790064683,1.123745541065091e-11,1.0580994480147154e-05,1.0,9.131584377541913e-13,2.516669828089846e-08,1.3316106406202621e-05
semantic,3.885780586188048e-14,0.9998895584096672,0.0,9.131584377541913e-13,1.0,0.7628353261838411,0.0
sentence_based,1.9110854010406797e-09,0.9171322993987573,0.0,2.516669828089846e-08,0.7628353261838411,1.0,0.0
structure_aware,9.630990089370961e-05,0.0,0.9999999993343378,1.3316106406202621e-05,0.0,0.0,1.0
