Metric,Negligible,Small,Medium,Large,Max |δ|
Hit@1,6,11,4,0,0.37459276406035663
Hit@3,9,12,0,0,0.31968021262002744
Hit@5,10,11,0,0,0.3042266803840878
MRR,9,10,2,0,0.3590963648834019
NDCG@5,9,10,2,0,0.34910836762688613
Ctx Prec,7,9,4,1,0.6081318587105624
